{
  "best_model": "T-learner / logistic",
  "n_test": 900481,
  "results": {
    "T-learner / logistic": {
      "qini_coefficient": 0.0003557686107349695,
      "uplift_at_10pct": 0.007697471836520829
    },
    "T-learner / LightGBM": {
      "qini_coefficient": -0.000140570011153461,
      "uplift_at_10pct": 0.00176459825345917
    },
    "S-learner / LightGBM": {
      "qini_coefficient": -0.00029591183607941153,
      "uplift_at_10pct": 0.001286100541024517
    },
    "Class transformation": {
      "qini_coefficient": -0.00016553723641420768,
      "uplift_at_10pct": 0.002672795306345412
    }
  },
  "segment_counts": {
    "sure thing": 410902,
    "lost cause": 277307,
    "persuadable": 212072,
    "do-not-disturb": 200
  }
}