{
  "best_model": "T-learner / logistic",
  "n_test": 300183,
  "results": {
    "T-learner / logistic": {
      "qini_coefficient": 0.0002693955544558113,
      "uplift_at_10pct": 0.00660770430061321
    },
    "T-learner / LightGBM": {
      "qini_coefficient": -9.532782789239553e-05,
      "uplift_at_10pct": 0.002123721781785091
    },
    "S-learner / LightGBM": {
      "qini_coefficient": -0.00010248300562288142,
      "uplift_at_10pct": 0.00045207341541099043
    },
    "Class transformation": {
      "qini_coefficient": -0.0002918664202857153,
      "uplift_at_10pct": 0.001288249131886546
    }
  },
  "segment_counts": {
    "sure thing": 254213,
    "do-not-disturb": 45970
  }
}